<?xml version="1.0" encoding="UTF-8"?>
<beans xmlns="http://www.springframework.org/schema/beans"
	xmlns:xsi="http://www.w3.org/2001/XMLSchema-instance"
	xmlns:int="http://www.springframework.org/schema/integration"
	xmlns:int-jpa="http://www.springframework.org/schema/integration/jpa"
	xmlns:jdbc="http://www.springframework.org/schema/jdbc"
	xmlns:tx="http://www.springframework.org/schema/tx"
	xmlns:context="http://www.springframework.org/schema/context"
	xsi:schemaLocation="http://www.springframework.org/schema/jdbc http://www.springframework.org/schema/jdbc/spring-jdbc.xsd
		http://www.springframework.org/schema/integration http://www.springframework.org/schema/integration/spring-integration.xsd
		http://www.springframework.org/schema/beans http://www.springframework.org/schema/beans/spring-beans.xsd
		http://www.springframework.org/schema/context http://www.springframework.org/schema/context/spring-context.xsd
		http://www.springframework.org/schema/tx http://www.springframework.org/schema/tx/spring-tx.xsd
		http://www.springframework.org/schema/integration/jpa http://www.springframework.org/schema/integration/jpa/spring-integration-jpa.xsd">

	<!-- Setting Up the Database -->

	<jdbc:embedded-database id="dataSource" type="H2"/>

	<jdbc:initialize-database data-source="dataSource" ignore-failures="DROPS" >
		<jdbc:script location="classpath:H2-DropTables.sql" />
		<jdbc:script location="classpath:H2-CreateTables.sql" />
		<jdbc:script location="classpath:H2-PopulateData.sql" />
	</jdbc:initialize-database>

	<!-- Define the JPA transaction manager -->
	<bean id="transactionManager" class="org.springframework.orm.jpa.JpaTransactionManager">
		<constructor-arg ref="entityManagerFactory" />
	</bean>

	<bean id="entityManagerFactory"
		class="org.springframework.orm.jpa.LocalContainerEntityManagerFactoryBean">
		<property name="dataSource"          ref="dataSource" />
		<property name="jpaVendorAdapter"    ref="vendorAdaptor" />
		<property name="packagesToScan"      value="org.springframework.integration.samples.jpa"/>
	</bean>

	<bean id="abstractVendorAdaptor" abstract="true">
		<property name="generateDdl" value="true" />
		<property name="database"    value="H2" />
		<property name="showSql"     value="false"/>
	</bean>

	<bean id="entityManager" class="org.springframework.orm.jpa.support.SharedEntityManagerBean">
		<property name="entityManagerFactory" ref="entityManagerFactory"/>
	</bean>

</beans>