<?xml version="1.0" encoding="UTF-8"?>
<beans xmlns="http://www.springframework.org/schema/beans"
	xmlns:xsi="http://www.w3.org/2001/XMLSchema-instance"
	xmlns:int="http://www.springframework.org/schema/integration"
	xmlns:int-mongodb="http://www.springframework.org/schema/integration/mongodb"
	xmlns:mongo="http://www.springframework.org/schema/data/mongo"
	xsi:schemaLocation="http://www.springframework.org/schema/data/mongo http://www.springframework.org/schema/data/mongo/spring-mongo.xsd
		http://www.springframework.org/schema/integration http://www.springframework.org/schema/integration/spring-integration.xsd
		http://www.springframework.org/schema/beans http://www.springframework.org/schema/beans/spring-beans.xsd
		http://www.springframework.org/schema/integration/mongodb http://www.springframework.org/schema/integration/mongodb/spring-integration-mongodb.xsd">


	<mongo:db-factory id="mongoDbFactory" dbname="test"/>

	<int-mongodb:outbound-channel-adapter id="deafultAdapter" />

	<int-mongodb:outbound-channel-adapter id="adapterWithConverter" mongo-converter="stringConverter"/>

<!-- 	mongo-converter="stringConverter" -->

	<bean id="stringConverter" class="org.springframework.integration.samples.mongodb.util.StringConverter">
		<constructor-arg ref="mongoDbFactory"/>
		<constructor-arg>
			<bean class="org.springframework.data.mongodb.core.mapping.MongoMappingContext"/>
		</constructor-arg>
	</bean>

</beans>
